onset	duration	trial_type	value	sample
3.0	3.996	left_hand	2	750
7.0	0.0	EDGE boundary	1	1750
10.0	3.996	right_hand	3	2500
14.0	0.0	EDGE boundary	1	3500
17.0	3.996	right_hand	3	4250
21.0	0.0	EDGE boundary	1	5250
24.0	3.996	left_hand	2	6000
28.0	0.0	EDGE boundary	1	7000
31.0	3.996	left_hand	2	7750
35.0	0.0	EDGE boundary	1	8750
38.0	3.996	right_hand	3	9500
42.0	0.0	EDGE boundary	1	10500
45.0	3.996	right_hand	3	11250
49.0	0.0	EDGE boundary	1	12250
52.0	3.996	left_hand	2	13000
56.0	0.0	EDGE boundary	1	14000
59.0	3.996	right_hand	3	14750
63.0	0.0	EDGE boundary	1	15750
66.0	3.996	left_hand	2	16500
70.0	0.0	EDGE boundary	1	17500
73.0	3.996	right_hand	3	18250
77.0	0.0	EDGE boundary	1	19250
80.0	3.996	left_hand	2	20000
84.0	0.0	EDGE boundary	1	21000
87.0	3.996	right_hand	3	21750
91.0	0.0	EDGE boundary	1	22750
94.0	3.996	left_hand	2	23500
98.0	0.0	EDGE boundary	1	24500
101.0	3.996	right_hand	3	25250
105.0	0.0	EDGE boundary	1	26250
108.0	3.996	left_hand	2	27000
112.0	0.0	EDGE boundary	1	28000
115.0	3.996	left_hand	2	28750
119.0	0.0	EDGE boundary	1	29750
122.0	3.996	right_hand	3	30500
126.0	0.0	EDGE boundary	1	31500
129.0	3.996	left_hand	2	32250
133.0	0.0	EDGE boundary	1	33250
136.0	3.996	right_hand	3	34000
140.0	0.0	EDGE boundary	1	35000
143.0	3.996	left_hand	2	35750
147.0	0.0	EDGE boundary	1	36750
150.0	3.996	right_hand	3	37500
154.0	0.0	EDGE boundary	1	38500
157.0	3.996	left_hand	2	39250
161.0	0.0	EDGE boundary	1	40250
164.0	3.996	right_hand	3	41000
168.0	0.0	EDGE boundary	1	42000
171.0	3.996	right_hand	3	42750
175.0	0.0	EDGE boundary	1	43750
178.0	3.996	left_hand	2	44500
182.0	0.0	EDGE boundary	1	45500
185.0	3.996	left_hand	2	46250
189.0	0.0	EDGE boundary	1	47250
192.0	3.996	right_hand	3	48000
196.0	0.0	EDGE boundary	1	49000
199.0	3.996	left_hand	2	49750
203.0	0.0	EDGE boundary	1	50750
206.0	3.996	right_hand	3	51500
210.0	0.0	EDGE boundary	1	52500
213.0	3.996	right_hand	3	53250
217.0	0.0	EDGE boundary	1	54250
220.0	3.996	left_hand	2	55000
224.0	0.0	EDGE boundary	1	56000
227.0	3.996	left_hand	2	56750
231.0	0.0	EDGE boundary	1	57750
234.0	3.996	right_hand	3	58500
238.0	0.0	EDGE boundary	1	59500
241.0	3.996	right_hand	3	60250
245.0	0.0	EDGE boundary	1	61250
248.0	3.996	left_hand	2	62000
252.0	0.0	EDGE boundary	1	63000
255.0	3.996	left_hand	2	63750
259.0	0.0	EDGE boundary	1	64750
262.0	3.996	right_hand	3	65500
266.0	0.0	EDGE boundary	1	66500
269.0	3.996	left_hand	2	67250
273.0	0.0	EDGE boundary	1	68250
276.0	3.996	right_hand	3	69000
280.0	0.0	EDGE boundary	1	70000
283.0	3.996	left_hand	2	70750
287.0	0.0	EDGE boundary	1	71750
290.0	3.996	right_hand	3	72500
294.0	0.0	EDGE boundary	1	73500
297.0	3.996	right_hand	3	74250
301.0	0.0	EDGE boundary	1	75250
304.0	3.996	left_hand	2	76000
308.0	0.0	EDGE boundary	1	77000
311.0	3.996	left_hand	2	77750
315.0	0.0	EDGE boundary	1	78750
318.0	3.996	right_hand	3	79500
322.0	0.0	EDGE boundary	1	80500
325.0	3.996	left_hand	2	81250
329.0	0.0	EDGE boundary	1	82250
332.0	3.996	right_hand	3	83000
336.0	0.0	EDGE boundary	1	84000
339.0	3.996	left_hand	2	84750
343.0	0.0	EDGE boundary	1	85750
346.0	3.996	right_hand	3	86500
350.0	0.0	EDGE boundary	1	87500
353.0	3.996	left_hand	2	88250
357.0	0.0	EDGE boundary	1	89250
360.0	3.996	right_hand	3	90000
364.0	0.0	EDGE boundary	1	91000
367.0	3.996	left_hand	2	91750
371.0	0.0	EDGE boundary	1	92750
374.0	3.996	right_hand	3	93500
378.0	0.0	EDGE boundary	1	94500
381.0	3.996	right_hand	3	95250
385.0	0.0	EDGE boundary	1	96250
388.0	3.996	left_hand	2	97000
392.0	0.0	EDGE boundary	1	98000
395.0	3.996	right_hand	3	98750
399.0	0.0	EDGE boundary	1	99750
402.0	3.996	left_hand	2	100500
406.0	0.0	EDGE boundary	1	101500
409.0	3.996	right_hand	3	102250
413.0	0.0	EDGE boundary	1	103250
416.0	3.996	left_hand	2	104000
420.0	0.0	EDGE boundary	1	105000
423.0	3.996	left_hand	2	105750
427.0	0.0	EDGE boundary	1	106750
430.0	3.996	right_hand	3	107500
434.0	0.0	EDGE boundary	1	108500
437.0	3.996	right_hand	3	109250
441.0	0.0	EDGE boundary	1	110250
444.0	3.996	left_hand	2	111000
448.0	0.0	EDGE boundary	1	112000
451.0	3.996	right_hand	3	112750
455.0	0.0	EDGE boundary	1	113750
458.0	3.996	left_hand	2	114500
462.0	0.0	EDGE boundary	1	115500
465.0	3.996	left_hand	2	116250
469.0	0.0	EDGE boundary	1	117250
472.0	3.996	right_hand	3	118000
476.0	0.0	EDGE boundary	1	119000
479.0	3.996	left_hand	2	119750
483.0	0.0	EDGE boundary	1	120750
486.0	3.996	right_hand	3	121500
490.0	0.0	EDGE boundary	1	122500
493.0	3.996	right_hand	3	123250
497.0	0.0	EDGE boundary	1	124250
500.0	3.996	left_hand	2	125000
504.0	0.0	EDGE boundary	1	126000
507.0	3.996	right_hand	3	126750
511.0	0.0	EDGE boundary	1	127750
514.0	3.996	left_hand	2	128500
518.0	0.0	EDGE boundary	1	129500
521.0	3.996	left_hand	2	130250
525.0	0.0	EDGE boundary	1	131250
528.0	3.996	right_hand	3	132000
532.0	0.0	EDGE boundary	1	133000
535.0	3.996	left_hand	2	133750
539.0	0.0	EDGE boundary	1	134750
542.0	3.996	right_hand	3	135500
546.0	0.0	EDGE boundary	1	136500
549.0	3.996	right_hand	3	137250
553.0	0.0	EDGE boundary	1	138250
556.0	3.996	left_hand	2	139000
560.0	0.0	EDGE boundary	1	140000
563.0	3.996	left_hand	2	140750
567.0	0.0	EDGE boundary	1	141750
570.0	3.996	right_hand	3	142500
574.0	0.0	EDGE boundary	1	143500
577.0	3.996	left_hand	2	144250
581.0	0.0	EDGE boundary	1	145250
584.0	3.996	right_hand	3	146000
588.0	0.0	EDGE boundary	1	147000
591.0	3.996	right_hand	3	147750
595.0	0.0	EDGE boundary	1	148750
598.0	3.996	left_hand	2	149500
602.0	0.0	EDGE boundary	1	150500
605.0	3.996	right_hand	3	151250
609.0	0.0	EDGE boundary	1	152250
612.0	3.996	left_hand	2	153000
616.0	0.0	EDGE boundary	1	154000
619.0	3.996	left_hand	2	154750
623.0	0.0	EDGE boundary	1	155750
626.0	3.996	right_hand	3	156500
630.0	0.0	EDGE boundary	1	157500
633.0	3.996	right_hand	3	158250
637.0	0.0	EDGE boundary	1	159250
640.0	3.996	left_hand	2	160000
644.0	0.0	EDGE boundary	1	161000
647.0	3.996	right_hand	3	161750
651.0	0.0	EDGE boundary	1	162750
654.0	3.996	left_hand	2	163500
658.0	0.0	EDGE boundary	1	164500
661.0	3.996	left_hand	2	165250
665.0	0.0	EDGE boundary	1	166250
668.0	3.996	right_hand	3	167000
672.0	0.0	EDGE boundary	1	168000
675.0	3.996	left_hand	2	168750
679.0	0.0	EDGE boundary	1	169750
682.0	3.996	right_hand	3	170500
686.0	0.0	EDGE boundary	1	171500
689.0	3.996	right_hand	3	172250
693.0	0.0	EDGE boundary	1	173250
696.0	3.996	left_hand	2	174000
700.0	0.0	EDGE boundary	1	175000
703.0	3.996	right_hand	3	175750
707.0	0.0	EDGE boundary	1	176750
710.0	3.996	left_hand	2	177500
714.0	0.0	EDGE boundary	1	178500
717.0	3.996	right_hand	3	179250
721.0	0.0	EDGE boundary	1	180250
724.0	3.996	left_hand	2	181000
728.0	0.0	EDGE boundary	1	182000
731.0	3.996	left_hand	2	182750
735.0	0.0	EDGE boundary	1	183750
738.0	3.996	right_hand	3	184500
742.0	0.0	EDGE boundary	1	185500
745.0	3.996	right_hand	3	186250
749.0	0.0	EDGE boundary	1	187250
752.0	3.996	left_hand	2	188000
756.0	0.0	EDGE boundary	1	189000
759.0	3.996	right_hand	3	189750
763.0	0.0	EDGE boundary	1	190750
766.0	3.996	left_hand	2	191500
770.0	0.0	EDGE boundary	1	192500
773.0	3.996	right_hand	3	193250
777.0	0.0	EDGE boundary	1	194250
780.0	3.996	left_hand	2	195000
784.0	0.0	EDGE boundary	1	196000
787.0	3.996	left_hand	2	196750
791.0	0.0	EDGE boundary	1	197750
794.0	3.996	right_hand	3	198500
798.0	0.0	EDGE boundary	1	199500
801.0	3.996	right_hand	3	200250
805.0	0.0	EDGE boundary	1	201250
808.0	3.996	left_hand	2	202000
812.0	0.0	EDGE boundary	1	203000
815.0	3.996	right_hand	3	203750
819.0	0.0	EDGE boundary	1	204750
822.0	3.996	left_hand	2	205500
826.0	0.0	EDGE boundary	1	206500
829.0	3.996	right_hand	3	207250
833.0	0.0	EDGE boundary	1	208250
836.0	3.996	left_hand	2	209000
